{"cmd": "shotlog", "row": {"drag_frame_count": 59, "league_level": 5, "user_id": "33148368", "distance": 95.133110046387, "platform": 1, "version_code": "1.59.295", "build_vresion": "1.59.282", "dis_to_hole": 8.19, "is_decider": 0, "putt": 0, "language": "en-US", "diamond": 100, "in_soul": 1, "country": "US", "arrive_pos": {"y": 0.07996017485857, "x": 3.2251987457275, "z": -7.5331692695618}, "score": 28, "operating_system": "iOS 14.8", "shot_time": 10, "power": 1, "side_spin": 0, "club_type": 5, "collision_pin": 0, "switch_ball": 1, "collision_tree": 0, "arrive_ground_type": 4, "switch_club": 0, "chip_in": 7000, "tier": 21, "trophy": 30609, "drop_pos": {"y": 0.079969264566898, "x": -0.6881138086319, "z": 0.62765562534332}, "target_pos": {"y": 0.099960053326504, "x": 1.8536844273573, "z": -4.7456584670192}, "shot_id": 4, "coin": 363153, "model": "iPad8,3", "course_id": 70031400, "select_pos": {"y": 0.099959958000545, "x": -1.052734375, "z": -2.5648803710938}, "room_id": "MATCH_3_2_16_16602662954_62f5a7378cee4", "ai_strong_shots": -2, "deviation": 0.019623048154498, "start_pos": {"y": 10.037822723389, "x": -35.604774475098, "z": 79.314636230469}, "into_hole": 0, "club_level": 8, "skin_skill": 0, "skin_id": 1, "battery": 78, "scenename": "game_S16_rough_314n", "aiid": "1208117124703996949", "ai_shots": 3, "dir_offset": 0, "memory_used": 224, "ctime": 1660266586, "side_spin_real": -0.072558610171228, "frame_count": 59, "device_id": "87F931F9-F4F4-4208-95DC-0415915D95EB", "wind_dir": {"y": 0, "x": 4.4228515625, "z": -14.50048160553}, "top_back_spin": -17.5, "is_game_dunk": 0, "remark": "stage", "timeout": 0, "classify": 1, "manual_switch_club": 1, "appsflyer_id": "1658015943195-8793194", "debuff": 0, "ball_id": 45, "club_id": 40, "lucky_number": 0, "start_ground_type": 2, "wind_level": 15.159999430614}}