{"cmd": "shotlog", "row": {"drag_frame_count": 59, "league_level": 10, "user_id": "33148368", "distance": 267.98046875, "platform": 1, "version_code": "1.59.295", "club_id": 63, "dis_to_hole": 0, "is_decider": 0, "putt": 0, "language": "en-US", "diamond": 96, "in_soul": 1, "country": "US", "arrive_pos": {"y": 8.1871738433838, "x": 54.52946472168, "z": 340.32623291016}, "score": 28, "operating_system": "iOS 14.8", "shot_time": 8, "power": 1, "side_spin": 0, "club_type": 2, "collision_pin": 1, "switch_ball": 1, "collision_tree": 0, "arrive_ground_type": 4, "switch_club": 1, "chip_in": 7001, "tier": 21, "trophy": 55001, "drop_pos": {"y": 8.3356838226318, "x": 54.488220214844, "z": 340.35620117188}, "target_pos": {"y": 8.607176399231, "x": 61.848778686523, "z": 348.27633544922}, "shot_id": 2, "coin": 361339, "model": "iPad8,3", "course_id": 16300, "select_pos": {"y": 8.2059999465942, "x": 54.514999389648, "z": 340.45401000977}, "skin_skill": 0, "deviation": 0.0066368735881522, "start_pos": {"y": 10.003372192383, "x": -128.82948303223, "z": 144.89587402344}, "into_hole": 1, "scenename": "game_S16_163n", "battery": 85, "skin_id": 1, "ball_id": 284, "side_spin_real": 2.5520409950174e-07, "dir_offset": 0, "memory_used": 197, "appsflyer_id": "1658015943195-8793194", "device_id": "87F931F9-F4F4-4208-95DC-0415915D95EB", "frame_count": 58, "wind_dir": {"y": 0, "x": -6.4216237068176, "z": -13.644612312317}, "club_level": 8, "top_back_spin": 0, "is_game_dunk": 1, "remark": "arena", "timeout": 0, "classify": 1, "debuff": 0, "ctime": 1660211081, "manual_switch_club": 1, "lucky_number": 2, "room_id": "arena33148368_1660211001.7798", "build_vresion": "1.59.282", "start_ground_type": 1, "wind_level": 15.080208758018}}